Time_stamp	epoch	train_loss	val_loss	epoch_time	learing_rate
1	0.315941	0.216684	115.926s	0.001	2020-04-22 13:44:13
2	0.199236	0.214955	118.013s	0.001	2020-04-22 13:46:11
3	0.194192	0.21398	120.08s	0.001	2020-04-22 13:48:11
4	0.189766	0.217993	123.776s	0.001	2020-04-22 13:50:15
5	0.18732	0.220157	115.062s	0.001	2020-04-22 13:52:10
6	0.185251	0.218546	118.975s	0.001	2020-04-22 13:54:09
7	0.184842	0.214779	117.121s	0.001	2020-04-22 13:56:07
8	0.183453	0.220905	118.744s	0.001	2020-04-22 13:58:05
9	0.183187	0.22039	108.731s	0.001	2020-04-22 13:59:54
10	0.181556	0.218616	101.015s	0.001	2020-04-22 14:01:35
11	0.180964	0.214126	98.4761s	0.001	2020-04-22 14:03:14
12	0.180333	0.211959	103.771s	0.001	2020-04-22 14:04:58
13	0.180086	0.209475	108.726s	0.001	2020-04-22 14:06:46
14	0.179879	0.209766	118.045s	0.001	2020-04-22 14:08:45
15	0.179032	0.211036	114.797s	0.001	2020-04-22 14:10:39
16	0.1789	0.208039	108.829s	0.001	2020-04-22 14:12:28
17	0.17862	0.208814	108.487s	0.001	2020-04-22 14:14:17
18	0.178452	0.206593	118.611s	0.001	2020-04-22 14:16:15
19	0.178012	0.204423	123.451s	0.001	2020-04-22 14:18:19
20	0.177805	0.204472	103.541s	0.001	2020-04-22 14:20:03
21	0.177541	0.204175	92.4374s	0.001	2020-04-22 14:21:35
22	0.177307	0.204677	106.968s	0.001	2020-04-22 14:23:22
23	0.177623	0.203473	113.284s	0.001	2020-04-22 14:25:15
24	0.176977	0.202852	118.574s	0.001	2020-04-22 14:27:14
25	0.176995	0.202744	112.387s	0.001	2020-04-22 14:29:06
26	0.176817	0.205449	105.431s	0.001	2020-04-22 14:30:52
27	0.17647	0.202991	103.547s	0.001	2020-04-22 14:32:36
28	0.175883	0.205233	98.545s	0.001	2020-04-22 14:34:14
29	0.176825	0.202693	96.6106s	0.001	2020-04-22 14:35:51
30	0.176369	0.200281	100.087s	0.001	2020-04-22 14:37:31
31	0.176346	0.200454	93.7802s	0.001	2020-04-22 14:39:05
32	0.175804	0.199287	93.8454s	0.001	2020-04-22 14:40:39
33	0.175894	0.198278	98.3543s	0.001	2020-04-22 14:42:17
34	0.175379	0.199323	100.899s	0.001	2020-04-22 14:43:58
35	0.17521	0.19827	119.543s	0.001	2020-04-22 14:45:58
36	0.17494	0.200494	147.486s	0.001	2020-04-22 14:48:25
37	0.175517	0.19875	244.516s	0.001	2020-04-22 14:52:30
38	0.175463	0.197488	376.073s	0.001	2020-04-22 14:58:46
39	0.175024	0.200791	321.883s	0.001	2020-04-22 15:04:08
40	0.174959	0.199039	99.4436s	0.001	2020-04-22 15:05:47
41	0.174466	0.200941	99.7255s	0.001	2020-04-22 15:07:27
42	0.173887	0.199422	102.036s	0.001	2020-04-22 15:09:09
43	0.174198	0.198915	155.748s	0.001	2020-04-22 15:11:45
44	0.174136	0.197567	158.424s	0.001	2020-04-22 15:14:24
45	0.173829	0.20022	163.139s	0.001	2020-04-22 15:17:07
46	0.173794	0.197285	161.912s	0.001	2020-04-22 15:19:49
47	0.173707	0.196503	137.625s	0.001	2020-04-22 15:22:06
48	0.1736	0.19375	97.0553s	0.001	2020-04-22 15:23:44
49	0.173359	0.195582	95.2732s	0.001	2020-04-22 15:25:19
50	0.173253	0.195409	89.3552s	0.001	2020-04-22 15:26:48
51	0.173084	0.201329	94.5429s	0.001	2020-04-22 15:28:23
52	0.173399	0.195898	91.345s	0.001	2020-04-22 15:29:54
53	0.17313	0.196215	96.2955s	0.001	2020-04-22 15:31:31
54	0.172765	0.195552	91.7105s	0.001	2020-04-22 15:33:02
55	0.172584	0.193085	95.6486s	0.001	2020-04-22 15:34:38
56	0.172626	0.194805	96.2943s	0.001	2020-04-22 15:36:14
57	0.172526	0.190727	94.983s	0.001	2020-04-22 15:37:49
58	0.172273	0.19325	97.9563s	0.001	2020-04-22 15:39:27
59	0.172602	0.196327	114.697s	0.001	2020-04-22 15:41:22
60	0.172575	0.191917	101.091s	0.001	2020-04-22 15:43:03
61	0.172707	0.191879	211.849s	0.001	2020-04-22 15:46:35
62	0.172027	0.194635	293.136s	0.001	2020-04-22 15:51:28
63	0.17208	0.192798	104.368s	0.001	2020-04-22 15:53:13
64	0.171325	0.194112	95.4502s	0.001	2020-04-22 15:54:48
65	0.171984	0.191087	93.5603s	0.001	2020-04-22 15:56:22
66	0.171496	0.1932	92.6224s	0.001	2020-04-22 15:57:55
67	0.171583	0.188974	94.0632s	0.001	2020-04-22 15:59:29
68	0.171601	0.191488	91.6941s	0.001	2020-04-22 16:01:01
69	0.170872	0.190905	96.0217s	0.001	2020-04-22 16:02:37
70	0.171441	0.190994	91.9302s	0.001	2020-04-22 16:04:09
71	0.171467	0.192046	96.4233s	0.001	2020-04-22 16:05:45
72	0.171205	0.189646	96.2939s	0.001	2020-04-22 16:07:21
73	0.17129	0.191285	92.8474s	0.001	2020-04-22 16:08:54
74	0.17132	0.191027	96.7229s	0.001	2020-04-22 16:10:31
75	0.171058	0.190326	93.6459s	0.001	2020-04-22 16:12:05
76	0.171105	0.189008	97.6893s	0.001	2020-04-22 16:13:43
77	0.170777	0.187738	94.5148s	0.001	2020-04-22 16:15:17
78	0.170924	0.189439	98.9114s	0.001	2020-04-22 16:16:56
79	0.170648	0.189951	160.52s	0.001	2020-04-22 16:19:37
80	0.170443	0.193141	126.466s	0.001	2020-04-22 16:21:43
81	0.170749	0.188819	264.744s	0.001	2020-04-22 16:26:08
82	0.170982	0.190006	170.076s	0.001	2020-04-22 16:28:58
83	0.170414	0.190253	206.941s	0.001	2020-04-22 16:32:25
84	0.170249	0.190324	309.478s	0.001	2020-04-22 16:37:35
85	0.17028	0.189169	173.782s	0.001	2020-04-22 16:40:28
86	0.170437	0.193373	109.545s	0.001	2020-04-22 16:42:18
87	0.170812	0.188123	211.94s	0.001	2020-04-22 16:45:50
88	0.170143	0.189743	330.605s	0.001	2020-04-22 16:51:21
89	0.170524	0.191208	337.104s	0.001	2020-04-22 16:56:58
90	0.170351	0.18726	333.544s	0.001	2020-04-22 17:02:32
91	0.170289	0.187235	173.137s	0.001	2020-04-22 17:05:25
92	0.1702	0.188721	97.5296s	0.001	2020-04-22 17:07:02
93	0.170122	0.189315	112.378s	0.001	2020-04-22 17:08:55
94	0.169958	0.188728	269.998s	0.001	2020-04-22 17:13:25
95	0.169978	0.189221	261.602s	0.001	2020-04-22 17:17:47
96	0.170209	0.190645	276.172s	0.001	2020-04-22 17:22:23
97	0.17089	0.191013	310.33s	0.001	2020-04-22 17:27:33
98	0.170237	0.187059	288.812s	0.001	2020-04-22 17:32:22
99	0.169853	0.18868	254.284s	0.001	2020-04-22 17:36:37
100	0.169921	0.189369	266.378s	0.001	2020-04-22 17:41:03
101	0.170433	0.188189	265.498s	0.001	2020-04-22 17:45:29
102	0.16984	0.189104	258.586s	0.001	2020-04-22 17:49:47
103	0.169766	0.186244	255.895s	0.001	2020-04-22 17:54:03
104	0.169727	0.191398	249.219s	0.001	2020-04-22 17:58:13
105	0.169285	0.193104	255.635s	0.001	2020-04-22 18:02:28
106	0.170911	0.188558	265.024s	0.001	2020-04-22 18:06:54
107	0.170054	0.188049	260.48s	0.001	2020-04-22 18:11:14
108	0.169951	0.190214	261.208s	0.001	2020-04-22 18:15:35
109	0.171105	0.190213	269.098s	0.001	2020-04-22 18:20:05
110	0.169629	0.190345	259.891s	0.001	2020-04-22 18:24:24
111	0.169287	0.187422	262.94s	0.001	2020-04-22 18:28:47
112	0.169174	0.186685	262.745s	0.001	2020-04-22 18:33:10
113	0.169484	0.190612	266.087s	0.001	2020-04-22 18:37:36
114	0.16964	0.191218	272.661s	0.001	2020-04-22 18:42:09
115	0.169598	0.185478	267.101s	0.001	2020-04-22 18:46:36
116	0.169192	0.18869	269.519s	0.001	2020-04-22 18:51:06
117	0.169352	0.187723	264.142s	0.001	2020-04-22 18:55:30
118	0.169218	0.187267	261.559s	0.001	2020-04-22 18:59:52
119	0.170744	0.186464	254.987s	0.001	2020-04-22 19:04:07
120	0.169612	0.18875	260.251s	0.001	2020-04-22 19:08:27
121	0.170299	0.187222	255.066s	0.001	2020-04-22 19:12:42
122	0.168845	0.186401	255.343s	0.001	2020-04-22 19:16:58
123	0.168638	0.185576	253.906s	0.001	2020-04-22 19:21:12
124	0.169055	0.185556	266.648s	0.001	2020-04-22 19:25:38
125	0.168761	0.187167	269.153s	0.001	2020-04-22 19:30:08
126	0.172654	0.189878	279.695s	0.001	2020-04-22 19:34:47
127	0.169664	0.186011	286.54s	0.001	2020-04-22 19:39:34
128	0.1684	0.185482	353.829s	0.001	2020-04-22 19:45:28
129	0.16932	0.201273	412.37s	0.001	2020-04-22 19:52:20
130	0.173009	0.190044	353.615s	0.001	2020-04-22 19:58:14
131	0.170327	0.187245	263.231s	0.001	2020-04-22 20:02:37
132	0.168632	0.187535	259.75s	0.001	2020-04-22 20:06:57
133	0.170113	0.18538	292.938s	0.001	2020-04-22 20:11:50
134	0.170586	0.185144	423.287s	0.001	2020-04-22 20:18:53
135	0.172598	0.197871	280.006s	0.001	2020-04-22 20:23:33
136	0.171312	0.189001	265.188s	0.001	2020-04-22 20:27:59
137	0.171898	0.188123	255.452s	0.001	2020-04-22 20:32:14
138	0.170603	0.187124	287.933s	0.001	2020-04-22 20:37:02
139	0.16962	0.184649	301.695s	0.001	2020-04-22 20:42:04
140	0.171217	0.191733	263.712s	0.001	2020-04-22 20:46:28
141	0.169879	0.187264	262.785s	0.001	2020-04-22 20:50:51
142	0.16924	0.186668	291.071s	0.001	2020-04-22 20:55:42
143	0.168662	0.183626	353.005s	0.001	2020-04-22 21:01:35
144	0.1691	0.187333	262.68s	0.001	2020-04-22 21:05:58
145	0.169967	0.185533	259.056s	0.001	2020-04-22 21:10:17
146	0.168889	0.185013	257.472s	0.001	2020-04-22 21:14:34
147	0.169305	0.20164	258.542s	0.001	2020-04-22 21:18:53
148	0.173558	0.189739	257.257s	0.001	2020-04-22 21:23:10
149	0.16969	0.186256	259.973s	0.001	2020-04-22 21:27:30
150	0.169324	0.187252	262.601s	0.001	2020-04-22 21:31:53
151	0.171406	0.186634	260.091s	0.001	2020-04-22 21:36:13
152	0.169243	0.188272	254.525s	0.001	2020-04-22 21:40:28
153	0.169243	0.188361	258.813s	0.001	2020-04-22 21:44:47
154	0.170855	0.185243	258.22s	0.001	2020-04-22 21:49:05
155	0.169869	0.184567	259.668s	0.001	2020-04-22 21:53:25
156	0.169232	0.185424	260.226s	0.001	2020-04-22 21:57:45
157	0.169755	0.187286	267.435s	0.001	2020-04-22 22:02:12
158	0.169344	0.187626	258.622s	0.001	2020-04-22 22:06:31
159	0.16911	0.188171	270.151s	0.001	2020-04-22 22:11:01
160	0.169862	0.19189	268.877s	0.001	2020-04-22 22:15:30
161	0.171568	0.185602	279.149s	0.001	2020-04-22 22:20:09
162	0.168939	0.187575	274.34s	0.001	2020-04-22 22:24:44
163	0.169822	0.187811	259.639s	0.001	2020-04-22 22:29:04
164	0.168711	0.185124	252.972s	0.001	2020-04-22 22:33:17
165	0.168619	0.204063	254.183s	0.001	2020-04-22 22:37:31
166	0.169937	0.18281	263.619s	0.001	2020-04-22 22:41:54
167	0.168897	0.184699	258.355s	0.001	2020-04-22 22:46:13
168	0.168174	0.186224	260.993s	0.001	2020-04-22 22:50:34
169	0.169516	0.184919	261.366s	0.001	2020-04-22 22:54:55
170	0.17013	0.189284	255.443s	0.001	2020-04-22 22:59:11
171	0.168812	0.183685	265.51s	0.001	2020-04-22 23:03:36
172	0.170332	0.185671	269.383s	0.001	2020-04-22 23:08:06
173	0.169537	0.183395	260.549s	0.001	2020-04-22 23:12:27
174	0.168693	0.184529	257.539s	0.001	2020-04-22 23:16:44
175	0.172507	0.189956	265.953s	0.001	2020-04-22 23:21:10
176	0.170927	0.188741	258.193s	0.001	2020-04-22 23:25:28
177	0.169272	0.185596	255.589s	0.001	2020-04-22 23:29:44
178	0.168665	0.185948	256s	0.001	2020-04-22 23:34:00
179	0.175224	0.192158	260.206s	0.001	2020-04-22 23:38:20
180	0.17132	0.198484	262.191s	0.001	2020-04-22 23:42:43
181	0.173983	0.190611	259.163s	0.001	2020-04-22 23:47:02
182	0.171425	0.190637	259.052s	0.001	2020-04-22 23:51:21
183	0.17132	0.186811	261.864s	0.001	2020-04-22 23:55:43
184	0.170693	0.185069	260.418s	0.001	2020-04-23 00:00:03
185	0.169803	0.192535	264.175s	0.001	2020-04-23 00:04:28
186	0.170315	0.190393	258.762s	0.001	2020-04-23 00:08:46
187	0.170412	0.187429	261.008s	0.001	2020-04-23 00:13:08
188	0.170326	0.185629	254.13s	0.001	2020-04-23 00:17:22
189	0.168998	0.184698	266.503s	0.001	2020-04-23 00:21:48
190	0.169922	0.185775	263.714s	0.001	2020-04-23 00:26:12
191	0.169139	0.183489	258.597s	0.001	2020-04-23 00:30:31
192	0.169134	0.186334	260.814s	0.001	2020-04-23 00:34:52
193	0.168956	0.183827	257.026s	0.001	2020-04-23 00:39:09
194	0.169221	0.193322	265.218s	0.001	2020-04-23 00:43:34
195	0.169385	0.184862	269.729s	0.001	2020-04-23 00:48:04
196	0.168735	0.19039	263.068s	0.001	2020-04-23 00:52:27
197	0.16961	0.183492	265.033s	0.001	2020-04-23 00:56:52
198	0.168472	0.184928	263.292s	0.001	2020-04-23 01:01:15
199	0.169615	0.186221	256.289s	0.001	2020-04-23 01:05:32
200	0.168794	0.198602	269.718s	0.001	2020-04-23 01:10:02
201	0.170115	0.183979	259.359s	0.001	2020-04-23 01:14:21
202	0.168867	0.185535	265.367s	0.001	2020-04-23 01:18:46
203	0.168371	0.184203	269.319s	0.001	2020-04-23 01:23:16
204	0.168499	0.182434	262.913s	0.001	2020-04-23 01:27:39
205	0.169866	0.184232	267.321s	0.001	2020-04-23 01:32:06
206	0.168475	0.183485	260.552s	0.001	2020-04-23 01:36:27
207	0.168181	0.184715	263.389s	0.001	2020-04-23 01:40:50
208	0.170218	0.189857	258.385s	0.001	2020-04-23 01:45:09
209	0.168397	0.184997	263.426s	0.001	2020-04-23 01:49:32
210	0.168529	0.188218	270.041s	0.001	2020-04-23 01:54:02
211	0.170027	0.186558	259.961s	0.001	2020-04-23 01:58:22
212	0.178299	0.197915	261.64s	0.001	2020-04-23 02:02:44
213	0.173815	0.191293	277.063s	0.001	2020-04-23 02:07:21
214	0.170199	0.190168	259.214s	0.001	2020-04-23 02:11:40
215	0.169215	0.184571	258.188s	0.001	2020-04-23 02:15:59
216	0.168604	0.187039	263.745s	0.001	2020-04-23 02:20:22
217	0.169234	0.184675	253.53s	0.001	2020-04-23 02:24:36
218	0.168282	0.184432	256.421s	0.001	2020-04-23 02:28:53
219	0.168823	0.186947	261.005s	0.001	2020-04-23 02:33:14
220	0.168918	0.184556	262.475s	0.001	2020-04-23 02:37:36
221	0.168999	0.186183	258.94s	0.001	2020-04-23 02:41:55
222	0.169193	0.183091	263.67s	0.001	2020-04-23 02:46:19
223	0.16778	0.183567	263.703s	0.001	2020-04-23 02:50:43
224	0.168001	0.186497	263.62s	0.001	2020-04-23 02:55:06
225	0.170238	0.184588	257.842s	0.001	2020-04-23 02:59:24
226	0.168345	0.183286	259.961s	0.001	2020-04-23 03:03:44
227	0.167677	0.183307	271.58s	0.001	2020-04-23 03:08:16
228	0.168554	0.191528	258.468s	0.001	2020-04-23 03:12:34
229	0.17073	0.18851	256.471s	0.001	2020-04-23 03:16:51
230	0.170713	0.184524	264.808s	0.001	2020-04-23 03:21:16
231	0.169797	0.186416	261.839s	0.001	2020-04-23 03:25:38
232	0.169947	0.184906	264.414s	0.001	2020-04-23 03:30:02
233	0.167687	0.182236	258.668s	0.001	2020-04-23 03:34:21
234	0.168352	0.184717	271.22s	0.001	2020-04-23 03:38:52
235	0.16794	0.187451	264.178s	0.001	2020-04-23 03:43:17
236	0.168402	0.185693	266.468s	0.001	2020-04-23 03:47:43
237	0.168123	0.183473	263.662s	0.001	2020-04-23 03:52:07
238	0.167888	0.184237	261.035s	0.001	2020-04-23 03:56:28
239	0.168385	0.183715	265.505s	0.001	2020-04-23 04:00:53
240	0.167994	0.18427	262.789s	0.001	2020-04-23 04:05:16
241	0.170072	0.187662	268.045s	0.001	2020-04-23 04:09:44
242	0.167796	0.183373	265.915s	0.001	2020-04-23 04:14:10
243	0.172775	0.189856	265.028s	0.001	2020-04-23 04:18:35
244	0.170113	0.183903	260.332s	0.001	2020-04-23 04:22:56
245	0.168105	0.185095	263.891s	0.001	2020-04-23 04:27:20
246	0.16941	0.184907	258.595s	0.001	2020-04-23 04:31:39
247	0.168749	0.185364	271.339s	0.001	2020-04-23 04:36:10
248	0.170674	0.188125	273.68s	0.001	2020-04-23 04:40:44
249	0.169603	0.184672	266.496s	0.001	2020-04-23 04:45:10
250	0.16782	0.182773	263.306s	0.001	2020-04-23 04:49:34
251	0.167488	0.181782	261.465s	0.001	2020-04-23 04:53:55
252	0.16813	0.181822	257.95s	0.001	2020-04-23 04:58:13
253	0.168634	0.202765	258.607s	0.001	2020-04-23 05:02:32
254	0.171815	0.185014	254.273s	0.001	2020-04-23 05:06:46
255	0.169356	0.18547	265.318s	0.001	2020-04-23 05:11:12
256	0.16802	0.183506	264.923s	0.001	2020-04-23 05:15:37
257	0.169274	0.184949	266.203s	0.001	2020-04-23 05:20:03
258	0.168282	0.183722	259.528s	0.001	2020-04-23 05:24:22
259	0.168597	0.183264	261.261s	0.001	2020-04-23 05:28:44
260	0.170564	0.185946	257.265s	0.001	2020-04-23 05:33:01
261	0.170875	0.183626	263.688s	0.001	2020-04-23 05:37:25
262	0.167893	0.182352	261.998s	0.001	2020-04-23 05:41:47
263	0.16723	0.184223	252.331s	0.001	2020-04-23 05:45:59
264	0.171123	0.194762	262.15s	0.001	2020-04-23 05:50:21
265	0.169346	0.182581	259.952s	0.001	2020-04-23 05:54:41
266	0.167746	0.18262	255.319s	0.001	2020-04-23 05:58:57
267	0.174602	0.187624	259.609s	0.001	2020-04-23 06:03:17
268	0.169334	0.184767	256.689s	0.001	2020-04-23 06:07:33
269	0.16807	0.182897	254.841s	0.001	2020-04-23 06:11:48
270	0.167801	0.181052	262.558s	0.001	2020-04-23 06:16:11
271	0.168677	0.18328	267.361s	0.001	2020-04-23 06:20:38
272	0.168713	0.197572	265.076s	0.001	2020-04-23 06:25:03
273	0.168848	0.183556	268.045s	0.001	2020-04-23 06:29:32
274	0.168079	0.182537	265.067s	0.001	2020-04-23 06:33:57
275	0.168333	0.18124	280.02s	0.001	2020-04-23 06:38:37
276	0.167998	0.185469	286.619s	0.001	2020-04-23 06:43:23
277	0.167416	0.182536	141.495s	0.001	2020-04-23 06:45:45
278	0.168545	0.181569	139.744s	0.001	2020-04-23 06:48:05
279	0.168663	0.183307	145.846s	0.001	2020-04-23 06:50:31
280	0.168119	0.182496	144.531s	0.001	2020-04-23 06:52:55
281	0.167934	0.189321	132.693s	0.001	2020-04-23 06:55:08
282	0.168332	0.185779	144.581s	0.001	2020-04-23 06:57:33
283	0.168786	0.189493	137.822s	0.001	2020-04-23 06:59:51
284	0.16855	0.181561	129.831s	0.001	2020-04-23 07:02:00
285	0.166781	0.182573	135.074s	0.001	2020-04-23 07:04:16
286	0.167847	0.182464	129.012s	0.001	2020-04-23 07:06:25
287	0.168672	0.184526	137.739s	0.001	2020-04-23 07:08:42
288	0.168138	0.184451	137.7s	0.001	2020-04-23 07:11:00
289	0.170847	0.18976	125.361s	0.001	2020-04-23 07:13:06
290	0.17234	0.201041	131.231s	0.001	2020-04-23 07:15:17
291	0.171973	0.184029	137.554s	0.001	2020-04-23 07:17:34
292	0.168456	0.184477	135.606s	0.001	2020-04-23 07:19:50
293	0.168519	0.182682	148.637s	0.001	2020-04-23 07:22:19
294	0.167818	0.182213	140.634s	0.001	2020-04-23 07:24:40
295	0.16708	0.181377	129.865s	0.001	2020-04-23 07:26:49
296	0.166931	0.181646	132.067s	0.001	2020-04-23 07:29:02
297	0.171035	0.185358	152.549s	0.001	2020-04-23 07:31:34
298	0.168965	0.181158	149.303s	0.001	2020-04-23 07:34:04
299	0.168721	0.182145	138.838s	0.001	2020-04-23 07:36:22
300	0.167737	0.1817	157.269s	0.001	2020-04-23 07:39:00
301	0.168693	0.182669	143.25s	0.001	2020-04-23 07:41:23
302	0.167895	0.182902	135.936s	0.001	2020-04-23 07:43:39
303	0.167434	0.180987	137.216s	0.001	2020-04-23 07:45:56
304	0.16767	0.181785	137.392s	0.001	2020-04-23 07:48:14
305	0.170205	0.183161	133.74s	0.001	2020-04-23 07:50:28
306	0.169636	0.185516	132.501s	0.001	2020-04-23 07:52:40
307	0.168672	0.182901	125.224s	0.001	2020-04-23 07:54:45
308	0.167795	0.181767	129.761s	0.001	2020-04-23 07:56:55
309	0.16885	0.181263	125.34s	0.001	2020-04-23 07:59:01
310	0.167198	0.181457	136.533s	0.001	2020-04-23 08:01:17
311	0.16721	0.180485	146.765s	0.001	2020-04-23 08:03:44
312	0.167074	0.18289	129.311s	0.001	2020-04-23 08:05:53
313	0.168656	0.18219	136.9s	0.001	2020-04-23 08:08:10
314	0.167893	0.180789	132.318s	0.001	2020-04-23 08:10:23
315	0.167318	0.180284	123.157s	0.001	2020-04-23 08:12:26
316	0.169355	0.190731	126.801s	0.001	2020-04-23 08:14:33
317	0.171719	0.1859	128.993s	0.001	2020-04-23 08:16:42
318	0.168472	0.183636	132.995s	0.001	2020-04-23 08:18:55
319	0.170576	0.185142	130.904s	0.001	2020-04-23 08:21:06
320	0.168788	0.182451	131.875s	0.001	2020-04-23 08:23:18
321	0.167394	0.18284	138.95s	0.001	2020-04-23 08:25:37
322	0.16706	0.182434	137.747s	0.001	2020-04-23 08:27:55
323	0.167165	0.182806	136.283s	0.001	2020-04-23 08:30:11
324	0.167737	0.180631	139.83s	0.001	2020-04-23 08:32:31
325	0.167914	0.182249	131.266s	0.001	2020-04-23 08:34:42
326	0.171895	0.183311	130.267s	0.001	2020-04-23 08:36:52
327	0.167591	0.183214	140.719s	0.001	2020-04-23 08:39:13
328	0.167248	0.183819	159.986s	0.001	2020-04-23 08:41:53
329	0.16721	0.181631	114.146s	0.001	2020-04-23 08:43:47
330	0.168162	0.184106	128.254s	0.001	2020-04-23 08:45:56
331	0.16898	0.182573	144.151s	0.001	2020-04-23 08:48:20
332	0.16729	0.180077	121.172s	0.001	2020-04-23 08:50:21
333	0.166867	0.180613	113.881s	0.001	2020-04-23 08:52:15
334	0.166738	0.183405	109.715s	0.001	2020-04-23 08:54:05
335	0.168696	0.183036	109.654s	0.001	2020-04-23 08:55:55
336	0.168268	0.182186	111.313s	0.001	2020-04-23 08:57:46
337	0.166994	0.182345	111.585s	0.001	2020-04-23 08:59:38
338	0.167925	0.179741	112.342s	0.001	2020-04-23 09:01:30
339	0.167279	0.182657	128.941s	0.001	2020-04-23 09:03:39
340	0.166788	0.180918	113.879s	0.001	2020-04-23 09:05:33
341	0.167527	0.181709	99.1784s	0.001	2020-04-23 09:07:12
342	0.168039	0.182884	101.589s	0.001	2020-04-23 09:08:54
343	0.166767	0.185317	106.975s	0.001	2020-04-23 09:10:41
344	0.176173	0.188779	101.363s	0.001	2020-04-23 09:12:22
345	0.169113	0.182087	106.241s	0.001	2020-04-23 09:14:08
346	0.16726	0.180563	112.872s	0.001	2020-04-23 09:16:01
347	0.167276	0.182646	110.637s	0.001	2020-04-23 09:17:52
348	0.167243	0.182043	116.268s	0.001	2020-04-23 09:19:48
349	0.167018	0.180212	113.647s	0.001	2020-04-23 09:21:42
350	0.169171	0.185382	110.36s	0.001	2020-04-23 09:23:33
351	0.167984	0.183082	112.396s	0.001	2020-04-23 09:25:25
352	0.167158	0.182824	118.375s	0.001	2020-04-23 09:27:23
353	0.167148	0.18087	99.8377s	0.001	2020-04-23 09:29:03
354	0.16815	0.184009	91.7455s	0.001	2020-04-23 09:30:35
355	0.16779	0.183362	103.449s	0.001	2020-04-23 09:32:19
356	0.167076	0.180052	106.601s	0.001	2020-04-23 09:34:05
357	0.167566	0.184297	110.539s	0.001	2020-04-23 09:35:56
358	0.166888	0.181759	104.995s	0.001	2020-04-23 09:37:41
359	0.168426	0.182631	98.4138s	0.001	2020-04-23 09:39:19
360	0.169958	0.184517	106.142s	0.001	2020-04-23 09:41:06
361	0.169427	0.183601	109.389s	0.001	2020-04-23 09:42:55
362	0.167462	0.184903	97.1433s	0.001	2020-04-23 09:44:32
363	0.167089	0.180798	107.541s	0.001	2020-04-23 09:46:20
364	0.166599	0.182185	108.136s	0.001	2020-04-23 09:48:08
365	0.166852	0.181716	106.435s	0.001	2020-04-23 09:49:55
366	0.16758	0.183986	108.934s	0.001	2020-04-23 09:51:44
367	0.166745	0.181764	99.7341s	0.001	2020-04-23 09:53:23
368	0.168839	0.183396	113s	0.001	2020-04-23 09:55:16
369	0.170178	0.181709	127.75s	0.001	2020-04-23 09:57:24
370	0.176567	0.196966	118.002s	0.001	2020-04-23 09:59:22
371	0.173617	0.190555	118.157s	0.001	2020-04-23 10:01:21
372	0.17182	0.188693	118.106s	0.001	2020-04-23 10:03:19
373	0.168633	0.184056	106.508s	0.001	2020-04-23 10:05:05
374	0.168413	0.183787	113.27s	0.001	2020-04-23 10:06:59
375	0.168882	0.186093	120.445s	0.001	2020-04-23 10:08:59
376	0.168534	0.182958	107.16s	0.001	2020-04-23 10:10:46
377	0.167778	0.181686	115.498s	0.001	2020-04-23 10:12:42
378	0.168002	0.180013	109.281s	0.001	2020-04-23 10:14:31
379	0.169776	0.180901	128.918s	0.001	2020-04-23 10:16:40
380	0.171263	0.184658	116.024s	0.001	2020-04-23 10:18:36
381	0.167992	0.182436	109.907s	0.001	2020-04-23 10:20:26
382	0.167215	0.182584	119.524s	0.001	2020-04-23 10:22:26
383	0.167063	0.182481	116.363s	0.001	2020-04-23 10:24:22
384	0.167665	0.182611	116.429s	0.001	2020-04-23 10:26:19
385	0.166625	0.180829	102.075s	0.001	2020-04-23 10:28:01
386	0.16736	0.178269	104.286s	0.001	2020-04-23 10:29:45
387	0.169054	0.189027	107.507s	0.001	2020-04-23 10:31:33
388	0.169275	0.183535	104.655s	0.001	2020-04-23 10:33:17
389	0.173216	0.192926	84.9248s	0.001	2020-04-23 10:34:42
390	0.170838	0.185394	84.3092s	0.001	2020-04-23 10:36:07
391	0.168831	0.181554	85.8205s	0.001	2020-04-23 10:37:33
392	0.167486	0.182943	102.038s	0.001	2020-04-23 10:39:15
393	0.168385	0.182492	103.718s	0.001	2020-04-23 10:40:58
394	0.167741	0.181331	93.9576s	0.001	2020-04-23 10:42:32
395	0.167419	0.181726	81.2459s	0.001	2020-04-23 10:43:54
396	0.167882	0.188369	82.5663s	0.001	2020-04-23 10:45:16
397	0.168063	0.181889	86.352s	0.001	2020-04-23 10:46:43
398	0.168262	0.18109	93.9008s	0.001	2020-04-23 10:48:17
399	0.166928	0.183337	97.4006s	0.001	2020-04-23 10:49:54
400	0.169484	0.184804	96.225s	0.001	2020-04-23 10:51:31
401	0.167726	0.181952	96.8209s	0.001	2020-04-23 10:53:08
402	0.166944	0.182902	88.2471s	0.001	2020-04-23 10:54:36
403	0.16784	0.192223	88.6886s	0.001	2020-04-23 10:56:05
404	0.170061	0.183581	96.1973s	0.001	2020-04-23 10:57:41
405	0.169954	0.187113	106.304s	0.001	2020-04-23 10:59:27
406	0.172325	0.181688	98.9384s	0.001	2020-04-23 11:01:06
407	0.168468	0.183439	91.1424s	0.001	2020-04-23 11:02:37
408	0.167484	0.181691	93.2418s	0.001	2020-04-23 11:04:11
409	0.167567	0.180297	101.084s	0.001	2020-04-23 11:05:52
410	0.167732	0.182572	91.635s	0.001	2020-04-23 11:07:24
411	0.167848	0.181531	93.7116s	0.001	2020-04-23 11:08:57
412	0.168426	0.181422	95.4128s	0.001	2020-04-23 11:10:33
413	0.167132	0.18039	103.054s	0.001	2020-04-23 11:12:16
414	0.168068	0.183592	101.144s	0.001	2020-04-23 11:13:57
415	0.170718	0.183578	102.616s	0.001	2020-04-23 11:15:40
416	0.169537	0.183152	102.352s	0.001	2020-04-23 11:17:22
417	0.172932	0.183962	99.014s	0.001	2020-04-23 11:19:01
418	0.169246	0.182551	94.5814s	0.001	2020-04-23 11:20:36
419	0.16695	0.182165	105.103s	0.001	2020-04-23 11:22:21
420	0.169324	0.181723	97.3547s	0.001	2020-04-23 11:23:58
421	0.168087	0.178099	96.907s	0.001	2020-04-23 11:25:35
422	0.167076	0.179633	97.7161s	0.001	2020-04-23 11:27:13
423	0.167245	0.180902	97.4648s	0.001	2020-04-23 11:28:51
424	0.167359	0.181645	93.2426s	0.001	2020-04-23 11:30:24
425	0.166522	0.182861	100.574s	0.001	2020-04-23 11:32:05
426	0.168663	0.180306	92.8735s	0.001	2020-04-23 11:33:38
427	0.167814	0.18155	101.194s	0.001	2020-04-23 11:35:19
428	0.166879	0.181804	95.332s	0.001	2020-04-23 11:36:54
429	0.16836	0.179693	101.153s	0.001	2020-04-23 11:38:36
430	0.166802	0.180374	99.8907s	0.001	2020-04-23 11:40:16
431	0.168585	0.180629	97.0333s	0.001	2020-04-23 11:41:53
432	0.167074	0.180882	95.8044s	0.001	2020-04-23 11:43:29
433	0.175519	0.182456	98.1313s	0.001	2020-04-23 11:45:07
434	0.168999	0.189964	97.2612s	0.001	2020-04-23 11:46:44
435	0.170101	0.185066	98.6388s	0.001	2020-04-23 11:48:23
436	0.168158	0.183124	98.651s	0.001	2020-04-23 11:50:01
437	0.168809	0.182	94.8896s	0.001	2020-04-23 11:51:36
438	0.167466	0.180772	96.1517s	0.001	2020-04-23 11:53:13
439	0.171052	0.183532	97.5926s	0.001	2020-04-23 11:54:50
440	0.167566	0.180394	94.4588s	0.001	2020-04-23 11:56:25
441	0.167318	0.182459	98.9676s	0.001	2020-04-23 11:58:04
442	0.16879	0.198997	105.176s	0.001	2020-04-23 11:59:49
443	0.170967	0.194563	108.624s	0.001	2020-04-23 12:01:38
444	0.174535	0.20654	110.658s	0.001	2020-04-23 12:03:29
445	0.17644	0.188864	109.528s	0.001	2020-04-23 12:05:18
446	0.171254	0.185778	105.66s	0.001	2020-04-23 12:07:04
447	0.168885	0.183596	106.153s	0.001	2020-04-23 12:08:50
448	0.168327	0.18247	112.779s	0.001	2020-04-23 12:10:43
449	0.167172	0.182027	111.08s	0.001	2020-04-23 12:12:34
450	0.167364	0.181907	119.074s	0.001	2020-04-23 12:14:33
451	0.17432	0.186285	115.019s	0.001	2020-04-23 12:16:28
452	0.170533	0.181122	114.134s	0.001	2020-04-23 12:18:22
453	0.16859	0.18131	115.072s	0.001	2020-04-23 12:20:18
454	0.167702	0.178851	114.557s	0.001	2020-04-23 12:22:12
455	0.16837	0.18061	110.588s	0.001	2020-04-23 12:24:03
456	0.17223	0.18936	129.527s	0.001	2020-04-23 12:26:12
457	0.172666	0.183998	132.947s	0.001	2020-04-23 12:28:25
458	0.168296	0.181295	121.679s	0.001	2020-04-23 12:30:27
459	0.167224	0.181793	118.291s	0.001	2020-04-23 12:32:25
460	0.16769	0.182788	123.888s	0.001	2020-04-23 12:34:29
461	0.167387	0.179225	126.586s	0.001	2020-04-23 12:36:36
462	0.16756	0.182639	116.016s	0.001	2020-04-23 12:38:32
463	0.168064	0.181001	112.834s	0.001	2020-04-23 12:40:25
464	0.180739	0.190579	122.428s	0.001	2020-04-23 12:42:27
465	0.171679	0.186115	124.121s	0.001	2020-04-23 12:44:32
466	0.170196	0.181866	114.022s	0.001	2020-04-23 12:46:26
467	0.169725	0.200639	115.249s	0.001	2020-04-23 12:48:21
468	0.172192	0.181711	117.208s	0.001	2020-04-23 12:50:18
469	0.168716	0.183343	96.1309s	0.001	2020-04-23 12:51:54
470	0.167941	0.181297	111.339s	0.001	2020-04-23 12:53:46
471	0.168074	0.183753	82.8348s	0.001	2020-04-23 12:55:09
472	0.16756	0.184293	88.5527s	0.001	2020-04-23 12:56:37
473	0.168463	0.182565	88.0297s	0.001	2020-04-23 12:58:05
474	0.170615	0.188934	87.1472s	0.001	2020-04-23 12:59:33
475	0.169975	0.185272	90.2985s	0.001	2020-04-23 13:01:03
476	0.16776	0.180677	88.4543s	0.001	2020-04-23 13:02:32
477	0.167523	0.183182	90.3537s	0.001	2020-04-23 13:04:02
478	0.168351	0.182991	85.3394s	0.001	2020-04-23 13:05:27
479	0.167931	0.182763	86.7311s	0.001	2020-04-23 13:06:54
480	0.168265	0.18264	86.7445s	0.001	2020-04-23 13:08:21
481	0.167324	0.181182	91.7016s	0.001	2020-04-23 13:09:53
482	0.167436	0.180308	88.4257s	0.001	2020-04-23 13:11:21
483	0.166439	0.181623	117.932s	0.001	2020-04-23 13:13:19
484	0.167983	0.185668	123.595s	0.001	2020-04-23 13:15:23
485	0.167078	0.182232	97.7502s	0.001	2020-04-23 13:17:01
486	0.1676	0.186376	89.323s	0.001	2020-04-23 13:18:30
487	0.167765	0.180921	91.11s	0.001	2020-04-23 13:20:01
488	0.169825	0.181924	89.0958s	0.001	2020-04-23 13:21:30
489	0.170375	0.194818	103.831s	0.001	2020-04-23 13:23:14
490	0.172092	0.189128	94.7692s	0.001	2020-04-23 13:24:49
491	0.172923	0.184295	88.7965s	0.001	2020-04-23 13:26:18
492	0.177235	0.189972	95.3252s	0.001	2020-04-23 13:27:53
493	0.173159	0.187283	88.0175s	0.001	2020-04-23 13:29:22
494	0.170086	0.190265	91.6305s	0.001	2020-04-23 13:30:53
495	0.17021	0.181475	88.6677s	0.001	2020-04-23 13:32:22
496	0.168694	0.182288	90.7893s	0.001	2020-04-23 13:33:53
497	0.16964	0.182942	88.4737s	0.001	2020-04-23 13:35:21
498	0.168598	0.174445	111.304s	0.001	2020-04-23 13:37:13
499	0.167105	0.176514	105.582s	0.001	2020-04-23 13:38:58
500	0.167704	0.173216	91.5746s	0.001	2020-04-23 13:40:30
501	0.166455	0.173588	93.5345s	0.001	2020-04-23 13:42:04
502	0.165911	0.179287	115.514s	0.001	2020-04-23 13:43:59
503	0.167442	0.174056	118.427s	0.001	2020-04-23 13:45:58
504	0.165844	0.176166	95.6485s	0.001	2020-04-23 13:47:33
505	0.165612	0.174446	98.2216s	0.001	2020-04-23 13:49:12
506	0.166643	0.1746	98.9463s	0.001	2020-04-23 13:50:51
507	0.166054	0.172903	99.0225s	0.001	2020-04-23 13:52:30
508	0.165644	0.172764	106.161s	0.001	2020-04-23 13:54:16
509	0.165199	0.173876	100.21s	0.001	2020-04-23 13:55:56
510	0.16543	0.174808	102.165s	0.001	2020-04-23 13:57:39
511	0.165963	0.176061	95.8187s	0.001	2020-04-23 13:59:15
512	0.165859	0.174531	102.966s	0.001	2020-04-23 14:00:58
513	0.167063	0.179494	100.426s	0.001	2020-04-23 14:02:38
514	0.165939	0.172954	96.8644s	0.001	2020-04-23 14:04:15
515	0.168363	0.176974	107.373s	0.001	2020-04-23 14:06:02
516	0.166184	0.173167	105.675s	0.001	2020-04-23 14:07:48
517	0.164723	0.172938	100.396s	0.001	2020-04-23 14:09:29
518	0.165186	0.173371	96.8159s	0.001	2020-04-23 14:11:06
519	0.165158	0.173356	100.731s	0.001	2020-04-23 14:12:46
520	0.165573	0.17232	104.949s	0.001	2020-04-23 14:14:31
521	0.167697	0.174649	98.4644s	0.001	2020-04-23 14:16:10
522	0.16578	0.174581	93.8233s	0.001	2020-04-23 14:17:44
523	0.164687	0.173084	93.1042s	0.001	2020-04-23 14:19:17
524	0.165159	0.174813	96.862s	0.001	2020-04-23 14:20:54
525	0.167971	0.175305	100.148s	0.001	2020-04-23 14:22:34
526	0.165793	0.174078	143.069s	0.001	2020-04-23 14:24:57
527	0.165307	0.173227	133.741s	0.001	2020-04-23 14:27:11
528	0.164928	0.172648	104.349s	0.001	2020-04-23 14:28:56
529	0.165735	0.175189	104.505s	0.001	2020-04-23 14:30:40
530	0.164753	0.173642	101.523s	0.001	2020-04-23 14:32:22
531	0.164714	0.17544	104.3s	0.001	2020-04-23 14:34:06
532	0.167255	0.181443	99.422s	0.001	2020-04-23 14:35:46
533	0.165695	0.175766	95.6431s	0.001	2020-04-23 14:37:21
534	0.164811	0.174685	100.017s	0.001	2020-04-23 14:39:01
535	0.167273	0.174949	95.7644s	0.001	2020-04-23 14:40:37
536	0.166501	0.171386	95.7294s	0.001	2020-04-23 14:42:13
537	0.16511	0.170875	96.7971s	0.001	2020-04-23 14:43:50
538	0.16496	0.172582	94.8323s	0.001	2020-04-23 14:45:25
539	0.164363	0.172006	98.4263s	0.001	2020-04-23 14:47:03
540	0.164041	0.171993	90.9634s	0.001	2020-04-23 14:48:34
541	0.164574	0.172477	88.9277s	0.001	2020-04-23 14:50:03
542	0.164745	0.172076	123.808s	0.001	2020-04-23 14:52:07
543	0.167387	0.173391	150.826s	0.001	2020-04-23 14:54:38
544	0.166961	0.17155	98.2878s	0.001	2020-04-23 14:56:16
545	0.165405	0.17578	95.4589s	0.001	2020-04-23 14:57:52
546	0.16944	0.175385	88.5403s	0.001	2020-04-23 14:59:21
547	0.165795	0.173423	96.4284s	0.001	2020-04-23 15:00:57
548	0.16474	0.173631	198.672s	0.001	2020-04-23 15:04:16
549	0.166256	0.173658	305.942s	0.001	2020-04-23 15:09:22
550	0.165515	0.170569	324.2s	0.001	2020-04-23 15:14:46
551	0.166519	0.174158	321.319s	0.001	2020-04-23 15:20:07
552	0.166046	0.172635	261.156s	0.001	2020-04-23 15:24:29
553	0.167527	0.174056	343.799s	0.001	2020-04-23 15:30:13
554	0.166032	0.172686	347.777s	0.001	2020-04-23 15:36:00
555	0.164814	0.174305	325.826s	0.001	2020-04-23 15:41:26
556	0.164491	0.173159	337.157s	0.001	2020-04-23 15:47:04
557	0.164108	0.172471	237.217s	0.001	2020-04-23 15:51:01
558	0.165047	0.175338	98.0444s	0.001	2020-04-23 15:52:39
559	0.16431	0.173064	260.047s	0.001	2020-04-23 15:56:59
560	0.167912	0.174955	279.957s	0.001	2020-04-23 16:01:39
561	0.166345	0.172171	288.708s	0.001	2020-04-23 16:06:28
562	0.168412	0.175845	290.612s	0.001	2020-04-23 16:11:19
563	0.165653	0.176029	290.43s	0.001	2020-04-23 16:16:09
564	0.164296	0.172079	344.974s	0.001	2020-04-23 16:21:54
565	0.164762	0.171166	237.233s	0.001	2020-04-23 16:25:51
566	0.166184	0.173737	260.828s	0.001	2020-04-23 16:30:12
567	0.165899	0.171952	257.912s	0.001	2020-04-23 16:34:30
568	0.165939	0.182565	309.969s	0.001	2020-04-23 16:39:40
569	0.166828	0.175339	291.625s	0.001	2020-04-23 16:44:32
570	0.165383	0.173454	267.646s	0.001	2020-04-23 16:49:00
571	0.164427	0.172265	267.587s	0.001	2020-04-23 16:53:27
572	0.164855	0.171039	271.322s	0.001	2020-04-23 16:57:59
573	0.163863	0.17278	299.088s	0.001	2020-04-23 17:02:58
574	0.165482	0.180796	306.427s	0.001	2020-04-23 17:08:04
575	0.166369	0.186559	308.775s	0.001	2020-04-23 17:13:13
576	0.169511	0.174431	260.761s	0.001	2020-04-23 17:17:34
577	0.164886	0.174492	260.855s	0.001	2020-04-23 17:21:55
578	0.165258	0.173471	312.87s	0.001	2020-04-23 17:27:08
579	0.164805	0.182382	297.775s	0.001	2020-04-23 17:32:06
580	0.16518	0.173276	304.37s	0.001	2020-04-23 17:37:10
581	0.165645	0.173208	282.782s	0.001	2020-04-23 17:41:53
582	0.164984	0.174735	279.583s	0.001	2020-04-23 17:46:33
583	0.16464	0.173145	300.253s	0.001	2020-04-23 17:51:33
584	0.16623	0.173488	275.973s	0.001	2020-04-23 17:56:09
585	0.165101	0.174056	279.247s	0.001	2020-04-23 18:00:49
586	0.165786	0.173695	277.379s	0.001	2020-04-23 18:05:26
587	0.165747	0.178238	265.728s	0.001	2020-04-23 18:09:52
588	0.164372	0.172409	284.013s	0.001	2020-04-23 18:14:36
589	0.163934	0.172462	293.248s	0.001	2020-04-23 18:19:29
590	0.164346	0.17553	311.663s	0.001	2020-04-23 18:24:41
591	0.164539	0.175423	299.6s	0.001	2020-04-23 18:29:41
592	0.164354	0.174491	281.019s	0.001	2020-04-23 18:34:22
593	0.17192	0.177891	304.103s	0.001	2020-04-23 18:39:26
594	0.168701	0.176393	302.624s	0.001	2020-04-23 18:44:29
595	0.166885	0.173657	300.968s	0.001	2020-04-23 18:49:30
596	0.167057	0.174109	328.252s	0.001	2020-04-23 18:54:58
597	0.165308	0.180585	301.248s	0.001	2020-04-23 18:59:59
598	0.164552	0.171793	336.771s	0.001	2020-04-23 19:05:36
599	0.164834	0.173778	295.966s	0.001	2020-04-23 19:10:32
600	0.164191	0.174373	292.147s	0.001	2020-04-23 19:15:24
